pmid,source
10022502,GlyTouCan_glycan
10022822,UniProtKB
10024660,UniCarbKB
10024660,UniCarbKB_glycan
10029548,UniCarbKB
10029548,UniCarbKB_glycan
10066782,UniProtKB
10074346,UniProtKB
10089882,UniProtKB
10091666,UniProtKB
10092871,GlyTouCan_glycan
10092871,UniCarbKB
10092871,UniCarbKB_glycan
10092871,UniProtKB
10096092,GlyTouCan_glycan
10200178,UniCarbKB
10200178,UniCarbKB_glycan
10200296,GlyTouCan_glycan
10201933,UniProtKB
10206894,UniProtKB
10207176,UniProtKB
10207177,UniCarbKB
10207177,UniCarbKB_glycan
10209036,UniProtKB
10330415,GlyTouCan_glycan
10335590,GlyTouCan_glycan
10350354,GlyTouCan_glycan
10358049,UniProtKB
10365852,GlyTouCan_glycan
10368296,GlyTouCan_glycan
10372971,GlyTouCan_glycan
10386995,GlyTouCan_glycan
10386995,UniProtKB
10393028,GlyTouCan_glycan
10394128,GlyTouCan_glycan
10397151,UniProtKB
10419520,UniProtKB
10428856,GlyTouCan_glycan
10429212,UniProtKB
10432405,GlyTouCan_glycan
10435581,GlyTouCan_glycan
10436809,GlyTouCan_glycan
10441114,UniCarbKB
10441114,UniCarbKB_glycan
10441114,UniProtKB
10447878,GlyTouCan_glycan
10452964,UniProtKB
10462545,UniProtKB
10469154,GlyTouCan_glycan
10491017,GlyTouCan_glycan
10491181,GlyTouCan_glycan
10491405,GlyTouCan_glycan
10498179,GlyTouCan_glycan
10506931,GlyTouCan_glycan
10520260,GlyTouCan_glycan
10521539,GlyTouCan_glycan
10526159,GlyTouCan_glycan
10528213,GlyTouCan_glycan
10531064,UniProtKB
10531415,UniProtKB
10536039,GlyTouCan_glycan
10537111,UniProtKB
10542057,GlyTouCan_glycan
10551839,UniProtKB
10559782,GlyTouCan_glycan
10570420,GlyTouCan_glycan
10571017,GlyTouCan_glycan
1059087,UniProtKB
10602885,GlyTouCan_glycan
10639192,UniProtKB
10644446,UniProtKB
10644674,GlyTouCan_glycan
10648523,GlyTouCan_glycan
10669592,UniProtKB
10677208,UniCarbKB_glycan
10677208,UniProtKB
10684642,UniProtKB
10704524,UniCarbKB
10704524,UniCarbKB_glycan
10712696,GlyTouCan_glycan
107170,GlyTouCan_glycan
10722702,GlyTouCan_glycan
10723608,GlyTouCan_glycan
10728707,GlyTouCan_glycan
10731668,UniCarbKB
10731668,UniCarbKB_glycan
10731668,UniProtKB
10735874,GlyTouCan_glycan
10748143,GlyTouCan_glycan
10753899,GlyTouCan_glycan
10756055,UniProtKB
10764840,UniCarbKB
10764840,UniCarbKB_glycan
10766826,UniCarbKB
10766826,UniCarbKB_glycan
10769135,UniProtKB
10775425,GlyTouCan_glycan
10801981,GlyTouCan_glycan
10805801,UniProtKB
10811226,UniProtKB
10814696,UniCarbKB
10814696,UniCarbKB_glycan
10814702,GlyTouCan_glycan
10821832,UniProtKB
108268,UniCarbKB
108268,UniCarbKB_glycan
10842180,UniProtKB
10852523,GlyTouCan_glycan
10854286,GlyTouCan_glycan
10858503,UniProtKB
10861210,UniProtKB
10861392,UniCarbKB
10861392,UniCarbKB_glycan
10871631,UniProtKB
10878002,UniProtKB
10889209,UniProtKB
10894166,GlyTouCan_glycan
10894551,UniProtKB
10899108,UniProtKB
10903744,UniProtKB
10920251,UniCarbKB_glycan
10921916,UniProtKB
10929010,UniCarbKB
10929010,UniCarbKB_glycan
10930422,UniProtKB
10931205,GlyTouCan_glycan
10950950,GlyTouCan_glycan
10952412,GlyTouCan_glycan
10971113,GlyTouCan_glycan
10971172,GlyTouCan_glycan
10975398,GlyTouCan_glycan
10978165,UniProtKB
10988252,UniCarbKB
10988252,UniCarbKB_glycan
10992504,GlyTouCan_glycan
10993897,GlyTouCan_glycan
10995228,GlyTouCan_glycan
10995228,UniCarbKB_glycan
10995228,UniProtKB
11003551,GlyTouCan_glycan
11004681,GlyTouCan_glycan
11028065,GlyTouCan_glycan
11032886,GlyTouCan_glycan
11050244,GlyTouCan_glycan
11053835,UniProtKB
11067851,UniCarbKB_glycan
11067851,UniProtKB
11069170,UniProtKB
11070366,GlyTouCan_glycan
11072212,GlyTouCan_glycan
1107336,GlyTouCan_glycan
11080501,UniProtKB
11081633,UniProtKB
11098061,UniProtKB
11125282,GlyTouCan_glycan
11125284,GlyTouCan_glycan
11150294,UniProtKB
11150304,GlyTouCan_glycan
11152692,UniProtKB
11168369,UniCarbKB
11168369,UniCarbKB_glycan
11169215,GlyTouCan_glycan
11180632,UniCarbKB
11180632,UniCarbKB_glycan
11180632,UniProtKB
11193738,GlyTouCan_glycan
11208904,GlyTouCan_glycan
11214861,GlyTouCan_glycan
1121486,GlyTouCan_glycan
11217981,GlyTouCan_glycan
11226831,GlyTouCan_glycan
11226831,UniProtKB
11258925,UniCarbKB
11258925,UniCarbKB_glycan
11268468,GlyTouCan_glycan
11278338,GlyTouCan_glycan
11278988,GlyTouCan_glycan
11279053,GlyTouCan_glycan
11279095,UniProtKB
11279502,UniProtKB
11285216,UniProtKB
11290788,UniProtKB
11291879,GlyTouCan_glycan
11320094,UniProtKB
11322732,GlyTouCan_glycan
11326277,UniProtKB
11326683,GlyTouCan_glycan
11336649,UniProtKB
11356966,UniProtKB
11358851,GlyTouCan_glycan
11371615,GlyTouCan_glycan
11371615,UniProtKB
11375981,UniProtKB
11376605,GlyTouCan_glycan
11389097,GlyTouCan_glycan
11396208,GlyTouCan_glycan
11398981,GlyTouCan_glycan
11399029,GlyTouCan_glycan
11406562,GlyTouCan_glycan
11425311,GlyTouCan_glycan
11425798,GlyTouCan_glycan
11432974,GlyTouCan_glycan
11438331,GlyTouCan_glycan
11447134,UniCarbKB
11447134,UniCarbKB_glycan
11447134,UniProtKB
11447138,GlyTouCan_glycan
11459848,UniProtKB
11465993,GlyTouCan_glycan
11479278,GlyTouCan_glycan
11493670,UniProtKB
11501845,GlyTouCan_glycan
11502179,UniProtKB
1150658,UniProtKB
11520459,GlyTouCan_glycan
11522302,GlyTouCan_glycan
11528254,GlyTouCan_glycan
11531339,UniProtKB
11532966,GlyTouCan_glycan
11533490,UniProtKB
11546839,UniProtKB
11549599,GlyTouCan_glycan
11550228,GlyTouCan_glycan
11550317,GlyTouCan_glycan
11551197,GlyTouCan_glycan
11561756,GlyTouCan_glycan
11562499,UniProtKB
11567096,UniProtKB
11602245,UniProtKB
11602603,UniProtKB
11606576,GlyTouCan_glycan
11676606,UniCarbKB
11676606,UniCarbKB_glycan
11676606,UniProtKB
11683872,UniProtKB
11696006,GlyTouCan_glycan
11696579,GlyTouCan_glycan
11703926,UniProtKB
11706042,UniProtKB
11709191,GlyTouCan_glycan
11724906,GlyTouCan_glycan
11726493,UniProtKB
11733580,UniProtKB
11738084,UniCarbKB
11738084,UniCarbKB_glycan
11741940,UniProtKB
11772019,UniProtKB
11805077,UniCarbKB
11805077,UniCarbKB_glycan
1182122,GlyTouCan_glycan
11875281,GlyTouCan_glycan
11878808,GlyTouCan_glycan
11882908,GlyTouCan_glycan
11884456,GlyTouCan_glycan
11903928,GlyTouCan_glycan
11904304,GlyTouCan_glycan
11912203,UniProtKB
11919403,GlyTouCan_glycan
11953431,UniProtKB
11956197,GlyTouCan_glycan
11959983,GlyTouCan_glycan
11980704,UniProtKB
11983428,UniProtKB
12017332,GlyTouCan_glycan
12022871,UniProtKB
12031100,GlyTouCan_glycan
12032138,GlyTouCan_glycan
12034704,UniProtKB
12034737,UniProtKB
12038976,UniCarbKB
12038976,UniCarbKB_glycan
12063277,UniProtKB
12084983,GlyTouCan_glycan
12096136,UniProtKB
12106326,GlyTouCan_glycan
12110528,GlyTouCan_glycan
12110702,GlyTouCan_glycan
12122212,UniProtKB
12135495,GlyTouCan_glycan
12135947,GlyTouCan_glycan
12144777,UniProtKB
12146959,GlyTouCan_glycan
12149231,GlyTouCan_glycan
12150998,GlyTouCan_glycan
12151713,UniCarbKB
12151713,UniCarbKB_glycan
12154198,UniProtKB
12163379,GlyTouCan_glycan
12169660,UniProtKB
12171601,UniProtKB
12183547,GlyTouCan_glycan
12200435,UniProtKB
12213450,GlyTouCan_glycan
12213787,GlyTouCan_glycan
12214108,UniProtKB
12220542,GlyTouCan_glycan
12297049,UniProtKB
12297050,UniProtKB
12350324,GlyTouCan_glycan
12354382,GlyTouCan_glycan
12358771,GlyTouCan_glycan
12370246,UniProtKB
12383500,GlyTouCan_glycan
12385579,GlyTouCan_glycan
12390975,GlyTouCan_glycan
12391027,UniProtKB
12393027,GlyTouCan_glycan
12397027,GlyTouCan_glycan
12408961,UniProtKB
12421832,UniProtKB
12438562,GlyTouCan_glycan
12438562,UniProtKB
12460925,GlyTouCan_glycan
12464311,GlyTouCan_glycan
12473106,GlyTouCan_glycan
12483204,UniProtKB
12510058,GlyTouCan_glycan
12511570,GlyTouCan_glycan
12517764,GlyTouCan_glycan
12525165,UniProtKB
12526797,UniProtKB
12527193,UniProtKB
12547345,GlyTouCan_glycan
12556292,GlyTouCan_glycan
12575940,UniProtKB
12588874,GlyTouCan_glycan
12590919,UniProtKB
12600216,UniProtKB
12603841,UniProtKB
12604466,UniProtKB
12610629,UniProtKB
12618343,GlyTouCan_glycan
12620237,UniProtKB
12646248,UniProtKB
12654314,UniProtKB
12657638,UniProtKB
12658696,GlyTouCan_glycan
12668675,GlyTouCan_glycan
12697902,GlyTouCan_glycan
12700241,GlyTouCan_glycan
12702669,GlyTouCan_glycan
12716912,GlyTouCan_glycan
12718853,UniProtKB
12731887,UniProtKB
12731890,UniProtKB
12743029,UniProtKB
12754519,UniProtKB
12761161,GlyTouCan_glycan
12761549,GlyTouCan_glycan
12761550,GlyTouCan_glycan
12765790,GlyTouCan_glycan
12768205,UniProtKB
12775711,UniProtKB
12788922,UniProtKB
12792654,UniProtKB
12794138,UniProtKB
12794637,UniProtKB
12799386,UniProtKB
1281977,UniProtKB
12820721,GlyTouCan_glycan
12820722,GlyTouCan_glycan
12820726,GlyTouCan_glycan
12829252,GlyTouCan_glycan
12831837,GlyTouCan_glycan
12833155,UniProtKB
12839991,UniProtKB
12847106,UniProtKB
12851687,GlyTouCan_glycan
12855696,UniProtKB
12859190,UniProtKB
12869558,UniProtKB
12874601,GlyTouCan_glycan
12878160,UniProtKB
12883744,GlyTouCan_glycan
12888274,UniProtKB
12888562,UniProtKB
12889478,GlyTouCan_glycan
1289052,GlyTouCan_glycan
12900380,GlyTouCan_glycan
12901863,UniProtKB
12906826,UniProtKB
12907692,GlyTouCan_glycan
12911312,UniProtKB
12925274,UniProtKB
12925531,UniProtKB
12927778,UniProtKB
12944413,UniProtKB
12946359,GlyTouCan_glycan
12954105,GlyTouCan_glycan
12956774,UniProtKB
12970363,UniProtKB
12995288,GlyTouCan_glycan
1306106,GlyTouCan_glycan
1310942,GlyTouCan_glycan
1323463,UniCarbKB
1323463,UniCarbKB_glycan
1326557,UniProtKB
13367419,GlyTouCan_glycan
1346232,GlyTouCan_glycan
1346716,GlyTouCan_glycan
1349618,GlyTouCan_glycan
1355324,GlyTouCan_glycan
1358980,GlyTouCan_glycan
1370643,GlyTouCan_glycan
1370890,GlyTouCan_glycan
1370965,GlyTouCan_glycan
1371229,GlyTouCan_glycan
1371281,GlyTouCan_glycan
1374031,UniCarbKB_glycan
1377598,GlyTouCan_glycan
1379980,GlyTouCan_glycan
1380064,UniProtKB
1381905,UniProtKB
1385449,GlyTouCan_glycan
1388166,UniCarbKB
1388166,UniCarbKB_glycan
1400872,UniProtKB
1419648,GlyTouCan_glycan
1421410,GlyTouCan_glycan
1421756,UniProtKB
1421757,UniCarbKB
1421757,UniCarbKB_glycan
1421757,UniProtKB
1422133,GlyTouCan_glycan
1445902,UniProtKB
14499575,GlyTouCan_glycan
1451807,UniProtKB
14529283,UniProtKB
14532290,GlyTouCan_glycan
14533679,GlyTouCan_glycan
14555842,GlyTouCan_glycan
1456441,UniCarbKB
1456441,UniCarbKB_glycan
14568956,GlyTouCan_glycan
14573609,UniProtKB
1457969,UniCarbKB
1457969,UniCarbKB_glycan
14593101,GlyTouCan_glycan
14597631,GlyTouCan_glycan
1463457,UniProtKB
14638629,GlyTouCan_glycan
14652017,GlyTouCan_glycan
14658030,GlyTouCan_glycan
14658030,UniProtKB
14660577,UniProtKB
14670721,GlyTouCan_glycan
14670722,GlyTouCan_glycan
14673092,GlyTouCan_glycan
1468573,UniCarbKB
1468573,UniCarbKB_glycan
14685826,GlyTouCan_glycan
14693913,UniCarbKB
14693913,UniCarbKB_glycan
14699159,UniProtKB
14706443,GlyTouCan_glycan
14707133,UniProtKB
1471247,GlyTouCan_glycan
14718370,UniProtKB
1472036,UniProtKB
14736333,GlyTouCan_glycan
14736812,GlyTouCan_glycan
14741734,GlyTouCan_glycan
14747736,UniProtKB
14749323,UniProtKB
14749383,GlyTouCan_glycan
14754895,UniProtKB
14760718,UniProtKB
14769026,UniCarbKB
14769026,UniProtKB
1482348,UniCarbKB
1482348,UniCarbKB_glycan
1482348,UniProtKB
14960498,GlyTouCan_glycan
14981520,UniProtKB
14981698,GlyTouCan_glycan
14985449,GlyTouCan_glycan
15003450,UniProtKB
15010458,UniProtKB
15014073,GlyTouCan_glycan
15014436,UniProtKB
15033940,GlyTouCan_glycan
15044018,UniProtKB
15047055,UniProtKB
15047606,GlyTouCan_glycan
15054092,UniProtKB
1505778,UniProtKB
15066430,UniProtKB
15084671,UniProtKB
15093539,UniProtKB
15099525,UniProtKB
15102839,UniProtKB
15107857,UniProtKB
15117952,UniProtKB
15121843,GlyTouCan_glycan
1512232,GlyTouCan_glycan
1512232,UniProtKB
15123316,GlyTouCan_glycan
1513058,GlyTouCan_glycan
15152093,UniProtKB
15158436,GlyTouCan_glycan
1516058,GlyTouCan_glycan
15168731,GlyTouCan_glycan
1517205,UniProtKB
15173186,UniProtKB
15175329,GlyTouCan_glycan
15179519,GlyTouCan_glycan
15182935,GlyTouCan_glycan
15183739,GlyTouCan_glycan
1520302,GlyTouCan_glycan
15203345,GlyTouCan_glycan
15221966,GlyTouCan_glycan
15223242,GlyTouCan_glycan
15229394,GlyTouCan_glycan
15231659,GlyTouCan_glycan
1523927,GlyTouCan_glycan
15249677,GlyTouCan_glycan
1524967,GlyTouCan_glycan
15253437,UniProtKB
15254193,UniProtKB
15257103,GlyTouCan_glycan
15272600,GlyTouCan_glycan
15277677,GlyTouCan_glycan
15299444,UniProtKB
15299793,UniProtKB
1530634,UniProtKB
15308636,UniProtKB
15313217,GlyTouCan_glycan
15319280,GlyTouCan_glycan
15322139,GlyTouCan_glycan
15330211,GlyTouCan_glycan
15331613,UniProtKB
1533633,UniProtKB
15336570,GlyTouCan_glycan
1533657,UniProtKB
15340146,GlyTouCan_glycan
15340146,UniProtKB
15350125,UniProtKB
15351705,GlyTouCan_glycan
15373830,GlyTouCan_glycan
15379548,UniProtKB
15385547,UniProtKB
1544894,UniProtKB
15454184,UniCarbKB
15454184,UniCarbKB_glycan
15458386,UniProtKB
15464996,GlyTouCan_glycan
15466023,GlyTouCan_glycan
15466199,GlyTouCan_glycan
15476821,UniProtKB
15477100,UniProtKB
15486088,UniProtKB
1548698,GlyTouCan_glycan
15498570,UniProtKB
15501227,GlyTouCan_glycan
15504740,UniProtKB
15505339,GlyTouCan_glycan
15505370,GlyTouCan_glycan
1551440,UniProtKB
15522226,UniProtKB
15532026,UniProtKB
15536336,GlyTouCan_glycan
15536627,UniCarbKB
15536627,UniCarbKB_glycan
15536627,UniProtKB
15539921,GlyTouCan_glycan
1556128,UniProtKB
15606899,UniProtKB
15623485,GlyTouCan_glycan
15628971,UniProtKB
15644310,UniProtKB
15651049,UniProtKB
15657036,UniProtKB
15662415,UniProtKB
15667209,UniProtKB
1567169,GlyTouCan_glycan
1567198,GlyTouCan_glycan
1567356,UniProtKB
15677325,UniProtKB
15687489,UniProtKB
1569071,UniProtKB
1569188,UniProtKB
15696168,UniProtKB
15701648,GlyTouCan_glycan
15702487,UniCarbKB
15702487,UniCarbKB_glycan
15704108,GlyTouCan_glycan
15721351,GlyTouCan_glycan
1572372,GlyTouCan_glycan
15723809,UniProtKB
15728350,UniProtKB
15730515,GlyTouCan_glycan
15738388,UniProtKB
15746967,GlyTouCan_glycan
15750791,UniProtKB
15770530,GlyTouCan_glycan
1577108,GlyTouCan_glycan
1577766,GlyTouCan_glycan
15791836,GlyTouCan_glycan
15807535,UniProtKB
15807538,GlyTouCan_glycan
15809306,UniProtKB
1581307,UniProtKB
15823095,UniProtKB
1583718,GlyTouCan_glycan
15843572,GlyTouCan_glycan
15861141,UniProtKB
15862866,GlyTouCan_glycan
15863501,UniProtKB
15864746,GlyTouCan_glycan
15864747,GlyTouCan_glycan
15864748,GlyTouCan_glycan
15869464,UniProtKB
1587788,GlyTouCan_glycan
15901639,UniProtKB
15907468,UniProtKB
15944793,GlyTouCan_glycan
15946677,UniProtKB
15961631,UniProtKB
15965977,UniProtKB
15967512,GlyTouCan_glycan
15983417,UniProtKB
15993892,UniProtKB
16000877,GlyTouCan_glycan
16002697,UniProtKB
16002699,UniProtKB
16007091,UniProtKB
16014566,UniProtKB
1601853,GlyTouCan_glycan
16024647,GlyTouCan_glycan
16030209,GlyTouCan_glycan
16033536,GlyTouCan_glycan
16033656,GlyTouCan_glycan
16036915,UniProtKB
16037490,UniProtKB
16040958,UniProtKB
16043704,UniProtKB
16046623,UniProtKB
16052526,GlyTouCan_glycan
16083266,UniProtKB
16091596,GlyTouCan_glycan
16091843,UniProtKB
1609521,GlyTouCan_glycan
16107205,UniProtKB
16107505,GlyTouCan_glycan
16107727,GlyTouCan_glycan
16135558,GlyTouCan_glycan
16140958,GlyTouCan_glycan
16144911,GlyTouCan_glycan
16155793,GlyTouCan_glycan
16166642,UniProtKB
16169851,UniProtKB
16170054,UniCarbKB
16170054,UniProtKB
16174741,GlyTouCan_glycan
16177266,GlyTouCan_glycan
16182253,GlyTouCan_glycan
1618643,GlyTouCan_glycan
1618644,GlyTouCan_glycan
16186819,UniProtKB
1618769,GlyTouCan_glycan
1618794,GlyTouCan_glycan
16201406,UniProtKB
16203776,GlyTouCan_glycan
16203964,UniProtKB
16227201,GlyTouCan_glycan
16234806,UniProtKB
16234847,GlyTouCan_glycan
16239572,GlyTouCan_glycan
16239964,GlyTouCan_glycan
16244361,GlyTouCan_glycan
16251947,GlyTouCan_glycan
16252298,GlyTouCan_glycan
16263699,UniProtKB
1627599,GlyTouCan_glycan
1629228,GlyTouCan_glycan
16293754,UniProtKB
16310757,GlyTouCan_glycan
16310781,GlyTouCan_glycan
16321355,UniCarbKB
16332389,GlyTouCan_glycan
16332679,UniProtKB
16335952,UniProtKB
16342208,GlyTouCan_glycan
16342937,UniProtKB
16362042,UniProtKB
16368742,UniProtKB
16377570,UniProtKB
16384952,GlyTouCan_glycan
16391846,GlyTouCan_glycan
16413042,GlyTouCan_glycan
16422668,UniProtKB
16445295,UniProtKB
1644805,GlyTouCan_glycan
16452088,GlyTouCan_glycan
16452088,UniProtKB
16456079,UniProtKB
16467855,UniProtKB
16476442,UniProtKB
16476743,GlyTouCan_glycan
16477002,UniProtKB
16477004,GlyTouCan_glycan
16492764,UniProtKB
16497731,UniProtKB
16525726,GlyTouCan_glycan
16537470,UniProtKB
1654059,GlyTouCan_glycan
16547942,GlyTouCan_glycan
16563047,GlyTouCan_glycan
16564536,GlyTouCan_glycan
1659106,GlyTouCan_glycan
1660040,GlyTouCan_glycan
16601115,UniProtKB
16615117,GlyTouCan_glycan
16618943,GlyTouCan_glycan
16621820,GlyTouCan_glycan
16622833,UniProtKB
16623661,UniProtKB
16630548,GlyTouCan_glycan
16638743,UniProtKB
16641107,GlyTouCan_glycan
16650853,UniProtKB
16676419,GlyTouCan_glycan
16679516,UniProtKB
16698036,UniProtKB
1672317,GlyTouCan_glycan
16732286,UniProtKB
16740002,UniProtKB
1674292,GlyTouCan_glycan
1674743,GlyTouCan_glycan
16750161,UniProtKB
16752227,GlyTouCan_glycan
16754968,UniProtKB
1675636,UniProtKB
16763549,UniProtKB
16765900,UniProtKB
16766521,UniProtKB
16768443,UniProtKB
16770729,UniProtKB
16770733,GlyTouCan_glycan
16776550,GlyTouCan_glycan
16785326,GlyTouCan_glycan
1678888,GlyTouCan_glycan
16800635,GlyTouCan_glycan
16803907,UniProtKB
16804430,GlyTouCan_glycan
16809438,GlyTouCan_glycan
16815919,UniProtKB
16824489,GlyTouCan_glycan
16829524,UniProtKB
1682994,GlyTouCan_glycan
16834341,UniCarbKB
16834341,UniCarbKB_glycan
16859706,UniProtKB
16870210,UniProtKB
16873718,UniProtKB
16874306,UniProtKB
16877748,UniProtKB
16894147,UniProtKB
16895906,UniProtKB
16905106,UniProtKB
1691018,GlyTouCan_glycan
16912035,UniProtKB
16918391,GlyTouCan_glycan
1692349,GlyTouCan_glycan
1693148,UniProtKB
16940348,UniProtKB
1694115,UniCarbKB
1694115,UniCarbKB_glycan
1694179,UniProtKB
16943443,GlyTouCan_glycan
16944957,UniProtKB
1694784,UniCarbKB_glycan
1694784,UniProtKB
1694801,GlyTouCan_glycan
1695858,GlyTouCan_glycan
1696162,GlyTouCan_glycan
16964247,GlyTouCan_glycan
16965854,GlyTouCan_glycan
16980056,GlyTouCan_glycan
1698709,GlyTouCan_glycan
16990264,GlyTouCan_glycan
1699120,GlyTouCan_glycan
1699667,GlyTouCan_glycan
17005555,UniProtKB
17007843,UniProtKB
1701274,GlyTouCan_glycan
1701275,GlyTouCan_glycan
17015441,UniProtKB
17018531,UniProtKB
17027507,UniProtKB
17038624,GlyTouCan_glycan
17040911,UniProtKB
1705026,GlyTouCan_glycan
17051150,UniProtKB
1705547,GlyTouCan_glycan
17056022,GlyTouCan_glycan
17057347,GlyTouCan_glycan
17065148,UniProtKB
1706961,GlyTouCan_glycan
17082223,UniProtKB
1708771,UniProtKB
17090649,GlyTouCan_glycan
1709161,UniProtKB
17100645,GlyTouCan_glycan
17105447,UniProtKB
1710976,UniProtKB
17113084,UniProtKB
17117926,UniProtKB
17139081,UniProtKB
1714447,GlyTouCan_glycan
1714552,GlyTouCan_glycan
17157876,UniProtKB
1716870,GlyTouCan_glycan
1716885,GlyTouCan_glycan
1717490,GlyTouCan_glycan
17195076,GlyTouCan_glycan
17196528,UniProtKB
1720922,GlyTouCan_glycan
17215869,UniProtKB
17222411,UniProtKB
1723642,GlyTouCan_glycan
1724444,GlyTouCan_glycan
17253960,GlyTouCan_glycan
17255936,UniProtKB
1726670,GlyTouCan_glycan
1726779,GlyTouCan_glycan
1727929,GlyTouCan_glycan
17286803,UniProtKB
17293352,UniCarbKB
17293352,UniCarbKB_glycan
1730617,GlyTouCan_glycan
17310251,UniProtKB
1731338,UniProtKB
17316025,GlyTouCan_glycan
1732113,GlyTouCan_glycan
17330941,UniProtKB
17331201,UniProtKB
1735443,GlyTouCan_glycan
17355286,UniProtKB
17360426,UniProtKB
1736686,GlyTouCan_glycan
1737041,UniProtKB
17372356,UniProtKB
17395588,UniProtKB
17395589,UniProtKB
17400922,UniProtKB
1740433,UniProtKB
17457671,GlyTouCan_glycan
17467335,GlyTouCan_glycan
17485527,GlyTouCan_glycan
17488724,UniProtKB
17502376,UniProtKB
17503783,UniProtKB
17522109,GlyTouCan_glycan
17525160,UniProtKB
17534424,UniProtKB
17537433,GlyTouCan_glycan
17542669,UniProtKB
17548821,UniProtKB
17558413,UniProtKB
17567119,UniProtKB
17569869,UniProtKB
17576745,UniProtKB
17581592,UniProtKB
17591618,UniProtKB
17607374,GlyTouCan_glycan
17614963,UniProtKB
17616966,GlyTouCan_glycan
17643119,UniProtKB
17650508,UniProtKB
17652170,UniProtKB
17652409,GlyTouCan_glycan
17662946,UniProtKB
17669383,GlyTouCan_glycan
17674202,GlyTouCan_glycan
17684013,UniProtKB
17693575,GlyTouCan_glycan
17694322,GlyTouCan_glycan
17703189,UniProtKB
17704566,UniProtKB
17708590,GlyTouCan_glycan
17711303,UniProtKB
17715132,UniProtKB
1773918,GlyTouCan_glycan
17768338,UniProtKB
17803912,UniProtKB
17823742,GlyTouCan_glycan
17855742,GlyTouCan_glycan
17881000,UniProtKB
17889651,UniProtKB
17892882,GlyTouCan_glycan
17924658,UniProtKB
17925379,UniProtKB
17954916,UniProtKB
17956937,UniCarbKB
17956937,UniCarbKB_glycan
17960739,UniProtKB
17980170,UniProtKB
17989695,UniProtKB
18036614,UniProtKB
18042673,UniProtKB
18045869,GlyTouCan_glycan
18061361,UniProtKB
18065761,UniProtKB
18077410,UniProtKB
18084303,UniProtKB
18093521,UniProtKB
18093522,UniProtKB
18184719,GlyTouCan_glycan
1820200,UniCarbKB
1820200,UniCarbKB_glycan
18203274,UniProtKB
18214858,UniCarbKB
18214858,UniCarbKB_glycan
18227435,UniProtKB
18234225,UniProtKB
18247575,GlyTouCan_glycan
18250328,UniProtKB
18279843,GlyTouCan_glycan
1828263,GlyTouCan_glycan
18282768,GlyTouCan_glycan
18301385,GlyTouCan_glycan
18308854,UniProtKB
18313038,GlyTouCan_glycan
18313039,GlyTouCan_glycan
18316376,GlyTouCan_glycan
18340083,UniProtKB
18420026,UniProtKB
18420935,UniProtKB
18422615,GlyTouCan_glycan
18467335,UniProtKB
18474217,GlyTouCan_glycan
1847560,GlyTouCan_glycan
18488039,UniProtKB
18490449,UniProtKB
18491227,UniProtKB
18508581,UniProtKB
1850914,GlyTouCan_glycan
18515358,GlyTouCan_glycan
1851822,GlyTouCan_glycan
18533687,UniProtKB
18536718,UniProtKB
18547526,UniProtKB
18559974,UniProtKB
18561742,GlyTouCan_glycan
18585350,UniProtKB
18596036,UniProtKB
1860732,GlyTouCan_glycan
18642129,UniCarbKB
18642129,UniCarbKB_glycan
1864848,GlyTouCan_glycan
18648644,GlyTouCan_glycan
18657508,UniProtKB
18662810,GlyTouCan_glycan
18667431,GlyTouCan_glycan
18676855,UniProtKB
18678667,GlyTouCan_glycan
18690650,GlyTouCan_glycan
18691975,UniProtKB
18692472,UniProtKB
18695242,UniProtKB
18697946,UniProtKB
18702514,UniProtKB
18703501,UniProtKB
18715980,UniProtKB
18729387,UniCarbKB
18729387,UniCarbKB_glycan
1873810,GlyTouCan_glycan
18768470,UniProtKB
18768590,UniProtKB
18775332,UniProtKB
18775496,UniProtKB
18780401,UniProtKB
18787108,UniProtKB
18794910,UniProtKB
18795891,UniProtKB
18798567,GlyTouCan_glycan
18815274,UniProtKB
18824562,GlyTouCan_glycan
1883960,UniProtKB
1884198,GlyTouCan_glycan
1885588,UniProtKB
18925876,GlyTouCan_glycan
18929574,UniProtKB
18930737,UniProtKB
18952059,UniProtKB
18954144,GlyTouCan_glycan
18975951,UniProtKB
1898343,UniCarbKB
1898343,UniCarbKB_glycan
1898736,UniProtKB
1899031,UniCarbKB
1899031,UniCarbKB_glycan
1900431,UniProtKB
1901592,GlyTouCan_glycan
19017259,UniProtKB
19017797,UniProtKB
19021580,GlyTouCan_glycan
19038966,UniProtKB
19038967,UniProtKB
1904059,UniCarbKB
1904059,UniCarbKB_glycan
1904059,UniProtKB
19053759,UniProtKB
1908233,UniProtKB
19088065,UniCarbKB
19088065,UniCarbKB_glycan
19119025,UniProtKB
19122660,UniProtKB
19136951,UniProtKB
19139490,UniProtKB
19141282,UniProtKB
19153605,UniProtKB
19159218,GlyTouCan_glycan
19159218,UniProtKB
19162326,GlyTouCan_glycan
19167329,UniProtKB
19176480,UniProtKB
1918047,GlyTouCan_glycan
19196183,UniProtKB
19237744,UniProtKB
19252480,UniProtKB
19261632,GlyTouCan_glycan
19276170,UniProtKB
19285951,UniProtKB
19299620,UniProtKB
19301871,UniProtKB
1931612,GlyTouCan_glycan
19329486,UniProtKB
19343721,UniCarbKB
19343721,UniCarbKB_glycan
19349973,UniProtKB
19358553,UniProtKB
19368529,UniProtKB
19379732,UniProtKB
19383836,UniProtKB
19436292,GlyTouCan_glycan
19458039,GlyTouCan_glycan
19473117,GlyTouCan_glycan
19478079,UniProtKB
19478429,UniProtKB
19496993,GlyTouCan_glycan
19506079,GlyTouCan_glycan
19506079,UniProtKB
19508227,UniProtKB
19520913,UniProtKB
19528533,UniProtKB
19528665,GlyTouCan_glycan
1955453,GlyTouCan_glycan
19557428,UniProtKB
19561611,UniProtKB
19563754,UniProtKB
19571171,UniProtKB
19574954,UniProtKB
19609959,GlyTouCan_glycan
19651138,UniProtKB
19654028,UniProtKB
19656770,UniProtKB
19664639,UniProtKB
19671700,UniProtKB
19674101,GlyTouCan_glycan
19678840,UniProtKB
19683538,UniProtKB
19692335,UniProtKB
19725875,UniProtKB
1972718,GlyTouCan_glycan
19737401,UniProtKB
19764817,UniProtKB
19805286,UniProtKB
19815850,GlyTouCan_glycan
19836338,UniProtKB
19838169,UniProtKB
19838198,UniProtKB
19855092,UniProtKB
19863951,GlyTouCan_glycan
19864504,UniCarbKB
19864504,UniCarbKB_glycan
19879838,UniProtKB
19880749,UniProtKB
19882123,GlyTouCan_glycan
1988363,GlyTouCan_glycan
19910922,UniProtKB
1991473,UniCarbKB
1991473,UniCarbKB_glycan
19931471,UniProtKB
1993171,UniProtKB
19946266,UniProtKB
19951703,UniProtKB
19952283,UniProtKB
1997178,GlyTouCan_glycan
1997323,UniCarbKB
1997323,UniCarbKB_glycan
1998667,UniProtKB
20006580,UniProtKB
20008117,UniProtKB
2001369,UniProtKB
2001547,GlyTouCan_glycan
2001693,UniCarbKB
2001693,UniCarbKB_glycan
20033057,UniProtKB
20043878,UniProtKB
20044576,UniProtKB
20068230,UniProtKB
2006911,UniProtKB
20103942,GlyTouCan_glycan
2010622,GlyTouCan_glycan
2012601,UniProtKB
2013294,UniProtKB
20133774,UniProtKB
20133942,UniProtKB
20145116,UniProtKB
20147294,UniProtKB
2015821,UniCarbKB
2015821,UniCarbKB_glycan
20188224,UniProtKB
20223216,UniProtKB
2022659,GlyTouCan_glycan
20227685,GlyTouCan_glycan
20237569,UniProtKB
2023947,UniCarbKB
2023947,UniCarbKB_glycan
2023947,UniProtKB
20332087,UniProtKB
2033371,UniCarbKB
2033371,UniCarbKB_glycan
20356844,UniProtKB
20356926,UniProtKB
2040275,UniCarbKB
2040275,UniCarbKB_glycan
2040277,UniCarbKB
2040277,UniCarbKB_glycan
2040278,UniCarbKB
2040278,UniCarbKB_glycan
20406422,UniProtKB
20408548,UniProtKB
20427278,UniProtKB
20427285,UniProtKB
20450227,UniProtKB
20457942,UniProtKB
20463020,UniProtKB
20473317,UniProtKB
20489211,UniProtKB
2049076,UniCarbKB
2049076,UniCarbKB_glycan
2049076,UniProtKB
20505120,UniProtKB
20507882,UniProtKB
20511397,UniProtKB
20534510,UniProtKB
20540760,UniProtKB
20571061,UniProtKB
20581009,UniProtKB
20593269,GlyTouCan_glycan
20595044,UniProtKB
2059624,UniCarbKB
2059624,UniCarbKB_glycan
20622017,UniProtKB
2065054,UniCarbKB
2065054,UniCarbKB_glycan
20684603,UniProtKB
20693656,UniProtKB
20696930,UniProtKB
2071582,UniProtKB
20727575,UniProtKB
20729549,UniProtKB
20739279,UniProtKB
20802483,UniProtKB
20805301,UniProtKB
20810665,UniProtKB
20813955,UniProtKB
20837471,UniProtKB
20837704,UniProtKB
20856818,UniProtKB
208636,UniCarbKB
208636,UniCarbKB_glycan
20877282,UniProtKB
20879038,UniProtKB
20881961,UniProtKB
208994,GlyTouCan_glycan
20934432,UniProtKB
20944746,UniProtKB
20951142,UniProtKB
20954701,GlyTouCan_glycan
20959806,UniProtKB
2097812,GlyTouCan_glycan
21037563,UniProtKB
21047790,UniProtKB
21053369,UniCarbKB_glycan
21053369,UniProtKB
21056543,UniProtKB
21057010,GlyTouCan_glycan
2108149,UniCarbKB_glycan
2110822,UniCarbKB
2110822,UniCarbKB_glycan
2111348,GlyTouCan_glycan
2113054,UniProtKB
21138434,UniProtKB
21148085,UniProtKB
21156796,UniProtKB
2116002,GlyTouCan_glycan
21167756,UniProtKB
21173149,UniProtKB
2118368,GlyTouCan_glycan
2119368,GlyTouCan_glycan
2120471,GlyTouCan_glycan
21205830,UniProtKB
21217642,UniProtKB
21237175,UniProtKB
21240269,UniProtKB
21240271,UniProtKB
21241660,UniProtKB
21244856,UniProtKB
21269602,UniProtKB
2129367,UniProtKB
21300292,UniProtKB
21308849,UniProtKB
21317871,UniProtKB
21317873,UniProtKB
21327254,UniProtKB
2136357,UniCarbKB
2136357,UniCarbKB_glycan
2137200,UniProtKB
21389326,UniProtKB
2139874,GlyTouCan_glycan
21402931,UniProtKB
2140570,GlyTouCan_glycan
2141278,UniProtKB
21422170,UniProtKB
214384,GlyTouCan_glycan
21467029,UniProtKB
21478864,UniProtKB
2148568,UniProtKB
21489986,UniProtKB
21500857,UniProtKB
21525977,UniProtKB
2153431,GlyTouCan_glycan
2153456,GlyTouCan_glycan
21551457,GlyTouCan_glycan
21569239,UniProtKB
21572394,UniProtKB
21573946,UniCarbKB
21573946,UniCarbKB_glycan
2159145,GlyTouCan_glycan
2159366,GlyTouCan_glycan
21606496,UniProtKB
21615908,UniProtKB
21621752,GlyTouCan_glycan
21639859,UniProtKB
21664074,GlyTouCan_glycan
21665197,GlyTouCan_glycan
21669976,UniProtKB
21671571,UniProtKB
2167157,GlyTouCan_glycan
21676880,UniProtKB
21677192,UniProtKB
21689651,UniProtKB
21692750,UniProtKB
21712440,UniProtKB
21733844,UniProtKB
21752865,UniProtKB
21757702,UniProtKB
21757827,UniProtKB
21768335,UniProtKB
21768352,UniProtKB
21791290,UniProtKB
21805521,UniProtKB
21827946,UniProtKB
21841799,GlyTouCan_glycan
21852454,UniCarbKB_glycan
21854986,UniProtKB
2186036,GlyTouCan_glycan
21876145,UniProtKB
21886772,UniProtKB
21908432,UniProtKB
21911364,UniProtKB
21917917,UniProtKB
21932778,UniProtKB
21949356,UniProtKB
21959264,UniProtKB
21965667,UniProtKB
21980294,UniProtKB
21983541,UniProtKB
21987822,UniProtKB
21999536,GlyTouCan_glycan
21999548,GlyTouCan_glycan
22000856,UniProtKB
22020283,UniProtKB
22023369,UniProtKB
22040171,UniProtKB
22041449,UniProtKB
22052913,UniProtKB
22106953,UniProtKB
2211651,GlyTouCan_glycan
2211657,UniProtKB
2212003,GlyTouCan_glycan
22121020,UniProtKB
22128166,UniProtKB
2215480,UniProtKB
22159084,UniProtKB
22160680,UniProtKB
22171320,UniCarbKB
22171320,UniProtKB
22173220,UniProtKB
22187327,UniProtKB
22226965,UniProtKB
22235133,UniProtKB
22237023,UniProtKB
22267737,UniProtKB
2226797,UniCarbKB
2226797,UniCarbKB_glycan
2226832,UniProtKB
22285761,UniProtKB
22333914,UniProtKB
22344443,UniProtKB
22351761,UniProtKB
22363519,UniProtKB
22387313,UniProtKB
22399287,UniProtKB
22412906,UniProtKB
2243102,UniProtKB
22448645,UniProtKB
22451694,UniProtKB
22483115,UniProtKB
22511793,UniProtKB
22547800,UniProtKB
22556278,UniProtKB
22576872,UniProtKB
22579623,UniProtKB
22588082,UniProtKB
22601780,UniProtKB
22613618,UniProtKB
22624035,UniProtKB
22629392,UniProtKB
22660477,UniProtKB
22664871,UniProtKB
22688517,UniProtKB
22718755,UniProtKB
22735700,UniProtKB
22745122,UniProtKB
22750213,UniProtKB
2275556,UniProtKB
22766194,UniProtKB
2277032,UniProtKB
22809326,UniProtKB
22826440,UniProtKB
22846996,UniProtKB
22848655,UniProtKB
22902367,UniProtKB
22908259,UniProtKB
22923583,UniProtKB
22932899,UniProtKB
22940367,UniProtKB
22942287,UniProtKB
22967898,UniProtKB
22988105,UniProtKB
23001782,UniCarbKB
23001782,UniCarbKB_glycan
23010571,UniProtKB
2302702,GlyTouCan_glycan
2302705,GlyTouCan_glycan
23027977,UniProtKB
2303428,GlyTouCan_glycan
23035744,UniProtKB
23039992,UniProtKB
23041369,UniProtKB
23050552,UniProtKB
23139753,UniProtKB
23142347,UniProtKB
23167757,UniProtKB
2318868,GlyTouCan_glycan
23209641,UniProtKB
23234360,UniCarbKB
23234360,UniProtKB
23236605,UniProtKB
23269669,UniProtKB
23285087,UniProtKB
23297416,UniProtKB
23302862,UniProtKB
23319596,UniProtKB
23345538,UniCarbKB
2335739,GlyTouCan_glycan
23376777,UniProtKB
2338555,GlyTouCan_glycan
23395175,UniProtKB
2342728,GlyTouCan_glycan
2350601,GlyTouCan_glycan
23520111,UniProtKB
23527852,UniProtKB
2355463,GlyTouCan_glycan
2355641,GlyTouCan_glycan
23602662,UniProtKB
2361960,UniProtKB
23648087,UniProtKB
23661698,UniProtKB
23679855,UniProtKB
23688339,UniProtKB
23742080,UniProtKB
23744091,UniProtKB
23747419,GlyTouCan_glycan
23756651,UniProtKB
23756652,UniProtKB
23776206,UniProtKB
23803857,UniProtKB
23829188,UniCarbKB_glycan
23846701,UniProtKB
23851396,UniProtKB
2386787,UniCarbKB
2386787,UniCarbKB_glycan
23878260,UniProtKB
23888046,UniProtKB
2390069,UniCarbKB
2390069,UniCarbKB_glycan
2393398,UniCarbKB
2393398,UniCarbKB_glycan
23934049,UniProtKB
23959878,UniProtKB
23980170,UniProtKB
23999306,UniProtKB
2400995,GlyTouCan_glycan
2401370,UniProtKB
2403553,UniCarbKB
2403553,UniCarbKB_glycan
24036510,UniProtKB
2404571,GlyTouCan_glycan
24047895,UniProtKB
24058541,UniProtKB
24076154,UniProtKB
24085305,UniProtKB
2408796,GlyTouCan_glycan
24090084,UniCarbKB
24090084,UniCarbKB_glycan
24090084,UniProtKB
2409487,GlyTouCan_glycan
24098488,UniProtKB
2410031,GlyTouCan_glycan
2410035,GlyTouCan_glycan
24121512,UniProtKB
24125761,UniProtKB
2413456,GlyTouCan_glycan
24141704,UniProtKB
2414279,GlyTouCan_glycan
2416034,GlyTouCan_glycan
24161696,UniProtKB
24162852,UniProtKB
2417620,GlyTouCan_glycan
2418872,GlyTouCan_glycan
2420639,GlyTouCan_glycan
2422108,GlyTouCan_glycan
2422274,GlyTouCan_glycan
24226769,UniProtKB
2424969,GlyTouCan_glycan
24256719,UniProtKB
2426269,GlyTouCan_glycan
2426270,GlyTouCan_glycan
24269691,UniProtKB
2428490,GlyTouCan_glycan
2429066,GlyTouCan_glycan
242969,GlyTouCan_glycan
2429933,GlyTouCan_glycan
2429934,GlyTouCan_glycan
24305054,UniProtKB
2430667,GlyTouCan_glycan
2432062,GlyTouCan_glycan
2433270,GlyTouCan_glycan
2433689,GlyTouCan_glycan
24338010,UniProtKB
24342833,UniProtKB
2434954,GlyTouCan_glycan
2435715,GlyTouCan_glycan
2435716,GlyTouCan_glycan
24365146,UniProtKB
2437126,GlyTouCan_glycan
24374484,UniProtKB
24393138,UniCarbKB
2445915,GlyTouCan_glycan
2446741,GlyTouCan_glycan
2447219,GlyTouCan_glycan
24474760,UniProtKB
2448311,GlyTouCan_glycan
2448435,GlyTouCan_glycan
2449128,GlyTouCan_glycan
2449247,GlyTouCan_glycan
2449968,GlyTouCan_glycan
2450645,GlyTouCan_glycan
2450649,GlyTouCan_glycan
24509848,UniProtKB
2454154,GlyTouCan_glycan
2454582,GlyTouCan_glycan
24548619,UniProtKB
2459311,GlyTouCan_glycan
2460087,GlyTouCan_glycan
24632570,UniProtKB
2465273,GlyTouCan_glycan
2466827,GlyTouCan_glycan
2467192,GlyTouCan_glycan
2468656,GlyTouCan_glycan
24692546,UniProtKB
2469783,GlyTouCan_glycan
24698316,UniCarbKB_glycan
24706782,UniCarbKB
24706782,UniCarbKB_glycan
2470757,GlyTouCan_glycan
2471598,GlyTouCan_glycan
2471655,GlyTouCan_glycan
2472579,GlyTouCan_glycan
2473071,GlyTouCan_glycan
24737316,UniProtKB
24751537,UniProtKB
24766575,UniCarbKB
2479468,GlyTouCan_glycan
24816101,UniProtKB
2481651,GlyTouCan_glycan
2482466,GlyTouCan_glycan
24841998,UniCarbKB
24876489,UniProtKB
24884609,UniProtKB
24909990,UniProtKB
2493268,UniProtKB
2498325,UniProtKB
24995978,UniProtKB
25053408,UniProtKB
25092234,UniProtKB
2509467,GlyTouCan_glycan
25103405,UniProtKB
2511201,UniProtKB
2513186,UniCarbKB
2513186,UniCarbKB_glycan
2513186,UniProtKB
2514791,UniCarbKB
2514791,UniCarbKB_glycan
25187573,UniProtKB
2521835,GlyTouCan_glycan
25261253,UniProtKB
2528451,UniProtKB
2537068,GlyTouCan_glycan
25385546,UniProtKB
25419660,UniProtKB
25456591,UniProtKB
25458834,UniProtKB
25500532,UniProtKB
2550193,UniCarbKB
2550193,UniCarbKB_glycan
2551493,GlyTouCan_glycan
25561468,UniProtKB
25568315,UniProtKB
25601083,UniProtKB
25617829,UniProtKB
2563403,GlyTouCan_glycan
25642819,UniProtKB
25686612,UniProtKB
2568858,GlyTouCan_glycan
25700513,UniProtKB
25727495,UniProtKB
25728924,UniProtKB
2573604,UniCarbKB
2573604,UniCarbKB_glycan
25751889,UniProtKB
25752612,UniProtKB
25759508,UniProtKB
25760607,UniProtKB
25765764,UniProtKB
2578310,GlyTouCan_glycan
2579379,UniProtKB
2579390,GlyTouCan_glycan
2580625,GlyTouCan_glycan
25826155,UniProtKB
2590169,UniProtKB
25903135,UniProtKB
25908590,UniProtKB
2592374,UniCarbKB
2592374,UniCarbKB_glycan
2592374,UniProtKB
2598771,UniProtKB
25989451,UniProtKB
26091039,UniProtKB
2609939,GlyTouCan_glycan
26117840,UniProtKB
26146185,UniProtKB
26190575,UniProtKB
26192331,UniProtKB
26192747,UniProtKB
26195816,UniProtKB
26207632,UniProtKB
26235030,UniProtKB
26280335,UniProtKB
26371182,UniProtKB
26416729,UniProtKB
2642896,UniProtKB
2645049,GlyTouCan_glycan
26467158,UniProtKB
26496195,UniProtKB
26510530,UniCarbKB
26510530,UniCarbKB_glycan
26536155,UniProtKB
2659167,GlyTouCan_glycan
26598643,UniCarbKB
2662714,GlyTouCan_glycan
2663606,GlyTouCan_glycan
2665633,GlyTouCan_glycan
2665636,GlyTouCan_glycan
26678539,UniProtKB
2668275,UniProtKB
26702061,UniProtKB
26783088,UniProtKB
26791533,UniCarbKB
26792860,UniProtKB
26811476,UniProtKB
26828122,UniProtKB
26846330,UniProtKB
26859261,UniProtKB
26859324,UniProtKB
26902720,UniProtKB
27049939,UniProtKB
27119146,UniProtKB
27152332,UniProtKB
2716059,GlyTouCan_glycan
27161523,UniProtKB
2721499,UniProtKB
27226593,UniProtKB
27238017,UniProtKB
27294781,UniProtKB
27313224,UniProtKB
27349982,UniProtKB
2736629,GlyTouCan_glycan
2737288,UniProtKB
27374339,UniProtKB
27391701,UniProtKB
27416963,UniProtKB
27418511,UniProtKB
27434672,UniProtKB
27435900,UniProtKB
27462106,UniProtKB
2747606,GlyTouCan_glycan
27516594,UniProtKB
27551080,UniProtKB
27599734,UniProtKB
27626375,UniProtKB
27687724,UniProtKB
27710942,UniProtKB
2775174,UniProtKB
2775232,UniProtKB
27768895,UniProtKB
27780639,UniProtKB
27922006,UniProtKB
2793860,UniCarbKB
2793860,UniCarbKB_glycan
2793860,UniProtKB
27991905,UniProtKB
27995897,UniProtKB
28011641,UniProtKB
28052263,UniProtKB
28089369,UniProtKB
28092368,UniProtKB
28117447,UniProtKB
2813359,UniCarbKB
2813359,UniCarbKB_glycan
28165004,UniProtKB
281705,GlyTouCan_glycan
2823004,GlyTouCan_glycan
28252640,UniProtKB
28277614,GlyTouCan_glycan
28292932,UniProtKB
28334865,UniProtKB
28377511,UniProtKB
2837767,GlyTouCan_glycan
2840097,GlyTouCan_glycan
28402104,UniProtKB
2842863,UniProtKB
2846160,GlyTouCan_glycan
28489325,UniProtKB
28514451,UniProtKB
28581485,UniProtKB
2860973,GlyTouCan_glycan
28661582,UniProtKB
28668641,UniProtKB
2870685,GlyTouCan_glycan
28753425,UniProtKB
28775322,UniProtKB
28784760,UniProtKB
28936784,UniProtKB
28973932,UniProtKB
29019981,UniProtKB
29061980,UniProtKB
2908845,GlyTouCan_glycan
2908846,GlyTouCan_glycan
29095159,UniProtKB
29106414,UniProtKB
29217581,UniProtKB
29224781,UniProtKB
29226084,UniProtKB
29251719,UniProtKB
29343645,UniProtKB
29345911,UniProtKB
29429898,UniProtKB
2943741,UniCarbKB
2943741,UniCarbKB_glycan
29465778,UniProtKB
29490423,UniProtKB
29567962,UniProtKB
29581294,UniProtKB
2960671,GlyTouCan_glycan
2963625,UniProtKB
29666272,UniProtKB
29671580,UniCarbKB
2967328,GlyTouCan_glycan
29681470,UniProtKB
29692406,UniProtKB
2971663,UniCarbKB
2971663,UniCarbKB_glycan
29717535,UniProtKB
29741879,UniCarbKB
29757379,UniProtKB
2981150,GlyTouCan_glycan
2983222,UniProtKB
29899144,UniProtKB
2991887,UniProtKB
30004384,UniProtKB
3002616,GlyTouCan_glycan
3005335,GlyTouCan_glycan
30089812,UniProtKB
3008996,GlyTouCan_glycan
30127001,UniProtKB
30140003,UniProtKB
30190309,UniProtKB
3019521,GlyTouCan_glycan
30301806,UniProtKB
30312582,UniProtKB
3031684,GlyTouCan_glycan
30337524,UniProtKB
30356213,UniProtKB
3038148,UniProtKB
30392906,UniProtKB
30459171,UniCarbKB
30552791,UniProtKB
30559189,UniProtKB
3056714,UniProtKB
30598546,UniProtKB
30630874,UniProtKB
3064875,GlyTouCan_glycan
30659065,UniCarbKB
30729188,UniProtKB
3087411,GlyTouCan_glycan
3100030,GlyTouCan_glycan
3112156,GlyTouCan_glycan
3112159,GlyTouCan_glycan
3117790,GlyTouCan_glycan
3123586,UniProtKB
3134887,UniProtKB
3139301,GlyTouCan_glycan
3143700,GlyTouCan_glycan
3149518,GlyTouCan_glycan
3162916,GlyTouCan_glycan
3163150,UniProtKB
3163528,GlyTouCan_glycan
3164721,GlyTouCan_glycan
3166398,GlyTouCan_glycan
3167827,GlyTouCan_glycan
3167833,GlyTouCan_glycan
3167861,GlyTouCan_glycan
3169804,GlyTouCan_glycan
3170507,GlyTouCan_glycan
3179269,UniCarbKB
3179269,UniCarbKB_glycan
3181129,UniProtKB
3191509,UniCarbKB
3191509,UniCarbKB_glycan
3192544,GlyTouCan_glycan
3198637,UniProtKB
3200844,UniProtKB
3202829,UniProtKB
3217051,GlyTouCan_glycan
3235849,GlyTouCan_glycan
3258005,GlyTouCan_glycan
3264725,UniProtKB
3294333,GlyTouCan_glycan
3303832,GlyTouCan_glycan
3342257,UniCarbKB
3342257,UniCarbKB_glycan
3342889,UniProtKB
3345524,GlyTouCan_glycan
3345749,UniCarbKB
3345749,UniCarbKB_glycan
3345750,UniCarbKB
3345750,UniCarbKB_glycan
3353370,UniProtKB
3356193,UniProtKB
3364985,GlyTouCan_glycan
3390832,GlyTouCan_glycan
3396010,GlyTouCan_glycan
3402609,UniProtKB
3410849,UniProtKB
3417685,GlyTouCan_glycan
3422461,GlyTouCan_glycan
3422739,UniProtKB
3427055,UniProtKB
3458201,UniProtKB
3463996,UniProtKB
3469463,GlyTouCan_glycan
3476183,GlyTouCan_glycan
3479188,GlyTouCan_glycan
3484330,UniProtKB
3484680,GlyTouCan_glycan
3484703,UniProtKB
3497398,UniProtKB
3498891,GlyTouCan_glycan
3510728,GlyTouCan_glycan
3514610,GlyTouCan_glycan
3514617,UniCarbKB
3514617,UniCarbKB_glycan
3516392,GlyTouCan_glycan
3516890,GlyTouCan_glycan
3521732,UniProtKB
3524673,UniProtKB
3542030,UniProtKB
3542989,UniProtKB
3545444,GlyTouCan_glycan
3550808,UniProtKB
3553447,GlyTouCan_glycan
3555489,UniProtKB
3566745,GlyTouCan_glycan
3571205,UniCarbKB
3571205,UniCarbKB_glycan
3571235,UniProtKB
3571288,GlyTouCan_glycan
3571327,GlyTouCan_glycan
3592664,GlyTouCan_glycan
3611065,GlyTouCan_glycan
3614206,GlyTouCan_glycan
3651384,UniProtKB
3665914,UniCarbKB
3665914,UniCarbKB_glycan
3665919,UniCarbKB
3665919,UniCarbKB_glycan
3667566,GlyTouCan_glycan
3667593,UniCarbKB
3667593,UniCarbKB_glycan
3693371,UniProtKB
3699929,GlyTouCan_glycan
3731079,GlyTouCan_glycan
3731100,GlyTouCan_glycan
3731131,GlyTouCan_glycan
3733752,GlyTouCan_glycan
3754220,GlyTouCan_glycan
3756141,UniProtKB
3759977,UniProtKB
3791209,GlyTouCan_glycan
3796623,GlyTouCan_glycan
3801409,GlyTouCan_glycan
3805024,GlyTouCan_glycan
3805213,GlyTouCan_glycan
3815333,GlyTouCan_glycan
3817300,GlyTouCan_glycan
3839598,UniProtKB
3840370,UniProtKB
3840699,GlyTouCan_glycan
3877053,UniProtKB
3880667,GlyTouCan_glycan
3881423,UniProtKB
3886654,UniProtKB
3891385,GlyTouCan_glycan
3912042,GlyTouCan_glycan
3926023,GlyTouCan_glycan
3934016,UniProtKB
3935432,UniCarbKB
3935432,UniCarbKB_glycan
3940648,GlyTouCan_glycan
3944091,GlyTouCan_glycan
3949760,GlyTouCan_glycan
3949763,UniProtKB
3957932,GlyTouCan_glycan
3965141,GlyTouCan_glycan
3967649,UniCarbKB
3967649,UniCarbKB_glycan
3980466,UniProtKB
3997830,GlyTouCan_glycan
4016748,GlyTouCan_glycan
4029397,GlyTouCan_glycan
4033770,GlyTouCan_glycan
4041428,GlyTouCan_glycan
4054110,UniProtKB
4055789,GlyTouCan_glycan
4055801,UniProtKB
4077844,UniCarbKB
4077844,UniCarbKB_glycan
4091823,UniCarbKB
4091823,UniCarbKB_glycan
429966,GlyTouCan_glycan
4319110,UniProtKB
438154,GlyTouCan_glycan
4603214,UniProtKB
468798,UniCarbKB_glycan
4742735,UniProtKB
479197,GlyTouCan_glycan
4835136,UniProtKB
486087,UniProtKB
497244,GlyTouCan_glycan
5349381,GlyTouCan_glycan
5411206,UniProtKB
6083447,GlyTouCan_glycan
6094178,GlyTouCan_glycan
6113181,GlyTouCan_glycan
6117281,GlyTouCan_glycan
6118137,UniProtKB
6129058,GlyTouCan_glycan
6129244,GlyTouCan_glycan
6141938,GlyTouCan_glycan
6152898,GlyTouCan_glycan
6156167,GlyTouCan_glycan
6165896,GlyTouCan_glycan
6169654,GlyTouCan_glycan
6171497,UniProtKB
6172429,GlyTouCan_glycan
6175663,GlyTouCan_glycan
6177036,UniProtKB
6183004,GlyTouCan_glycan
6187397,GlyTouCan_glycan
6188690,GlyTouCan_glycan
6188700,GlyTouCan_glycan
6189529,GlyTouCan_glycan
6190518,GlyTouCan_glycan
6190803,UniCarbKB
6190803,UniCarbKB_glycan
6192330,GlyTouCan_glycan
6192908,UniCarbKB
6192908,UniCarbKB_glycan
6193515,GlyTouCan_glycan
6194156,GlyTouCan_glycan
6194157,GlyTouCan_glycan
6194834,GlyTouCan_glycan
6198005,GlyTouCan_glycan
6200484,GlyTouCan_glycan
6200583,GlyTouCan_glycan
6203895,GlyTouCan_glycan
6203908,UniProtKB
6206400,GlyTouCan_glycan
6207463,GlyTouCan_glycan
6207939,GlyTouCan_glycan
6209560,GlyTouCan_glycan
6234164,UniProtKB
6267033,UniProtKB
6270685,GlyTouCan_glycan
6296087,GlyTouCan_glycan
6296843,GlyTouCan_glycan
6306002,GlyTouCan_glycan
6309836,GlyTouCan_glycan
6320120,UniProtKB
6327299,UniCarbKB
6327299,UniCarbKB_glycan
6333684,UniProtKB
635569,UniProtKB
6355895,GlyTouCan_glycan
6370756,GlyTouCan_glycan
6371807,UniProtKB
6385004,GlyTouCan_glycan
6386148,GlyTouCan_glycan
6400487,GlyTouCan_glycan
6427223,UniProtKB
6469974,GlyTouCan_glycan
6478461,GlyTouCan_glycan
6498849,GlyTouCan_glycan
6501317,GlyTouCan_glycan
6510521,UniProtKB
6514226,GlyTouCan_glycan
6526384,UniProtKB
6546754,UniProtKB
6574504,UniProtKB
6576183,GlyTouCan_glycan
6583282,GlyTouCan_glycan
6585365,GlyTouCan_glycan
6587378,UniProtKB
6619101,GlyTouCan_glycan
6619126,UniCarbKB
6619126,UniCarbKB_glycan
6619128,UniProtKB
6653876,GlyTouCan_glycan
6667675,GlyTouCan_glycan
6684483,UniCarbKB
6684483,UniCarbKB_glycan
6693758,GlyTouCan_glycan
6706980,UniProtKB
6725284,UniCarbKB
6725284,UniCarbKB_glycan
6760897,GlyTouCan_glycan
6770273,GlyTouCan_glycan
6776528,UniProtKB
6785754,UniProtKB
6790607,GlyTouCan_glycan
6816276,UniProtKB
6827085,GlyTouCan_glycan
6830241,GlyTouCan_glycan
6833281,GlyTouCan_glycan
6833285,UniCarbKB
6833285,UniCarbKB_glycan
6853480,UniProtKB
6863318,GlyTouCan_glycan
6870892,GlyTouCan_glycan
687374,GlyTouCan_glycan
6926850,GlyTouCan_glycan
6966283,UniCarbKB
6966283,UniCarbKB_glycan
6983878,GlyTouCan_glycan
6987651,GlyTouCan_glycan
7004456,GlyTouCan_glycan
7008791,UniProtKB
7014218,UniProtKB
7042914,GlyTouCan_glycan
7044414,UniProtKB
7045228,GlyTouCan_glycan
7061953,GlyTouCan_glycan
7068558,UniCarbKB
7068558,UniCarbKB_glycan
7092891,UniProtKB
7096333,UniCarbKB
7096333,UniCarbKB_glycan
7106126,UniProtKB
7107587,UniCarbKB
7107587,UniCarbKB_glycan
7142214,GlyTouCan_glycan
7174794,GlyTouCan_glycan
7263706,UniProtKB
7287720,GlyTouCan_glycan
7287743,GlyTouCan_glycan
7306483,UniProtKB
7309709,UniCarbKB
7309709,UniCarbKB_glycan
7309759,GlyTouCan_glycan
7334007,GlyTouCan_glycan
7358733,UniProtKB
7430095,UniCarbKB
7430095,UniCarbKB_glycan
7451505,UniCarbKB
7451505,UniCarbKB_glycan
7460900,UniProtKB
7462199,GlyTouCan_glycan
7477400,UniProtKB
7477903,GlyTouCan_glycan
7485559,GlyTouCan_glycan
7487355,GlyTouCan_glycan
7496150,GlyTouCan_glycan
7497480,GlyTouCan_glycan
7503969,GlyTouCan_glycan
7503987,GlyTouCan_glycan
7505568,UniProtKB
7509713,GlyTouCan_glycan
7509790,GlyTouCan_glycan
7512431,GlyTouCan_glycan
7512967,UniProtKB
7514386,UniCarbKB
7514386,UniCarbKB_glycan
7516636,GlyTouCan_glycan
7518437,UniProtKB
7521211,GlyTouCan_glycan
7521878,GlyTouCan_glycan
7524900,UniProtKB
7525849,GlyTouCan_glycan
7525874,UniCarbKB
7525874,UniCarbKB_glycan
7526777,GlyTouCan_glycan
7528216,GlyTouCan_glycan
7531332,GlyTouCan_glycan
7531419,GlyTouCan_glycan
7531823,GlyTouCan_glycan
7532228,GlyTouCan_glycan
7533156,GlyTouCan_glycan
7536750,GlyTouCan_glycan
7537175,GlyTouCan_glycan
7538124,GlyTouCan_glycan
7538124,UniCarbKB_glycan
7538124,UniProtKB
7538131,GlyTouCan_glycan
7538976,GlyTouCan_glycan
7539400,GlyTouCan_glycan
7539963,GlyTouCan_glycan
7544402,GlyTouCan_glycan
7545084,GlyTouCan_glycan
7560094,GlyTouCan_glycan
7574484,GlyTouCan_glycan
7574684,UniProtKB
7590936,GlyTouCan_glycan
7592613,GlyTouCan_glycan
7592613,UniCarbKB
7592613,UniCarbKB_glycan
7592613,UniProtKB
7595524,GlyTouCan_glycan
7607222,UniProtKB
7613477,UniProtKB
7620335,UniCarbKB
7620335,UniCarbKB_glycan
7635154,UniCarbKB
7635154,UniCarbKB_glycan
7635155,UniCarbKB
7635155,UniCarbKB_glycan
7640454,GlyTouCan_glycan
7642555,GlyTouCan_glycan
7642555,UniCarbKB_glycan
7642555,UniProtKB
7646495,GlyTouCan_glycan
7650762,GlyTouCan_glycan
7654718,UniProtKB
7663166,UniProtKB
7678075,GlyTouCan_glycan
7678417,GlyTouCan_glycan
7678958,GlyTouCan_glycan
7679503,GlyTouCan_glycan
7679920,UniCarbKB
7679920,UniCarbKB_glycan
7681597,GlyTouCan_glycan
7681597,UniProtKB
7682553,UniProtKB
7682945,GlyTouCan_glycan
7683678,UniProtKB
7683697,GlyTouCan_glycan
7684905,GlyTouCan_glycan
7685064,GlyTouCan_glycan
7686446,UniCarbKB
7686446,UniCarbKB_glycan
7687590,GlyTouCan_glycan
7688323,UniProtKB
7692398,GlyTouCan_glycan
7693048,GlyTouCan_glycan
7694285,UniProtKB
7697593,GlyTouCan_glycan
7710562,GlyTouCan_glycan
7720892,GlyTouCan_glycan
7727388,UniProtKB
7734303,GlyTouCan_glycan
7734848,GlyTouCan_glycan
7744025,UniProtKB
7751324,GlyTouCan_glycan
77532821,GlyTouCan_glycan
7753821,GlyTouCan_glycan
7767313,GlyTouCan_glycan
7774715,UniCarbKB
7774715,UniCarbKB_glycan
7775461,GlyTouCan_glycan
7776966,UniProtKB
7780013,GlyTouCan_glycan
7780197,UniCarbKB
7780197,UniCarbKB_glycan
7780197,UniProtKB
7797428,GlyTouCan_glycan
7809154,GlyTouCan_glycan
7815941,GlyTouCan_glycan
7819038,GlyTouCan_glycan
7827091,UniProtKB
7827324,GlyTouCan_glycan
7827404,GlyTouCan_glycan
7827751,UniProtKB
7841792,UniCarbKB
7841792,UniCarbKB_glycan
7841802,GlyTouCan_glycan
7846011,GlyTouCan_glycan
7850810,GlyTouCan_glycan
7868255,GlyTouCan_glycan
78708,GlyTouCan_glycan
7876162,GlyTouCan_glycan
7887817,GlyTouCan_glycan
7896755,GlyTouCan_glycan
7901202,GlyTouCan_glycan
7918443,UniProtKB
7918467,UniProtKB
7925474,UniProtKB
7926020,GlyTouCan_glycan
7929098,UniProtKB
7944531,UniCarbKB
7944531,UniCarbKB_glycan
7947762,UniCarbKB_glycan
7947762,UniProtKB
7949653,GlyTouCan_glycan
7966627,GlyTouCan_glycan
7981088,GlyTouCan_glycan
7987817,GlyTouCan_glycan
7994575,UniProtKB
7999432,GlyTouCan_glycan
8026573,UniCarbKB
8026573,UniCarbKB_glycan
8027524,GlyTouCan_glycan
8033893,UniProtKB
8034632,UniCarbKB
8034632,UniCarbKB_glycan
8038519,GlyTouCan_glycan
8050816,GlyTouCan_glycan
8052408,GlyTouCan_glycan
8052660,GlyTouCan_glycan
8053566,UniCarbKB
8053566,UniCarbKB_glycan
8063760,GlyTouCan_glycan
8068684,UniProtKB
8068725,GlyTouCan_glycan
8069634,UniProtKB
8089145,UniProtKB
8093344,GlyTouCan_glycan
8095932,GlyTouCan_glycan
8113220,GlyTouCan_glycan
8130392,UniCarbKB
8130392,UniCarbKB_glycan
8133075,GlyTouCan_glycan
8142896,UniCarbKB
8142896,UniCarbKB_glycan
8158143,GlyTouCan_glycan
8161226,GlyTouCan_glycan
8161542,GlyTouCan_glycan
8163535,UniProtKB
8172892,UniProtKB
8174273,UniCarbKB
8174273,UniCarbKB_glycan
8181059,UniProtKB
8193552,UniCarbKB
8193552,UniCarbKB_glycan
8202534,UniCarbKB
8202534,UniCarbKB_glycan
8216207,UniProtKB
8221098,GlyTouCan_glycan
8223648,UniCarbKB
8223648,UniCarbKB_glycan
8232334,GlyTouCan_glycan
8239497,GlyTouCan_glycan
8243456,GlyTouCan_glycan
8243461,UniProtKB
8253783,GlyTouCan_glycan
8260233,GlyTouCan_glycan
8261467,GlyTouCan_glycan
8261628,UniProtKB
8262898,GlyTouCan_glycan
8286201,GlyTouCan_glycan
8286855,UniProtKB
8306209,GlyTouCan_glycan
8323280,UniCarbKB
8323280,UniCarbKB_glycan
8323299,UniCarbKB
8323299,UniCarbKB_glycan
8323299,UniProtKB
8326911,UniProtKB
8330904,GlyTouCan_glycan
8334986,UniProtKB
8336134,UniProtKB
8340252,GlyTouCan_glycan
8340255,GlyTouCan_glycan
8344278,UniCarbKB
8344278,UniCarbKB_glycan
8344280,UniCarbKB
8344280,UniCarbKB_glycan
8344946,GlyTouCan_glycan
8344946,UniCarbKB_glycan
8344946,UniProtKB
8349699,UniProtKB
8349731,GlyTouCan_glycan
8358150,UniCarbKB_glycan
8364861,GlyTouCan_glycan
8370596,GlyTouCan_glycan
8384526,UniCarbKB
8384526,UniCarbKB_glycan
8390218,UniCarbKB
8390218,UniCarbKB_glycan
8393577,UniProtKB
8404899,UniCarbKB
8404899,UniCarbKB_glycan
8407875,GlyTouCan_glycan
8407880,UniCarbKB
8407880,UniCarbKB_glycan
8407898,UniProtKB
8416736,GlyTouCan_glycan
8416919,UniCarbKB
8416919,UniCarbKB_glycan
8417827,GlyTouCan_glycan
8424790,GlyTouCan_glycan
8435067,UniProtKB
843521,GlyTouCan_glycan
8436110,UniCarbKB
8436110,UniCarbKB_glycan
8445257,GlyTouCan_glycan
8453646,GlyTouCan_glycan
8460945,UniCarbKB
8460945,UniCarbKB_glycan
8477709,UniCarbKB
8477709,UniCarbKB_glycan
8486553,GlyTouCan_glycan
8486673,UniCarbKB
8486673,UniCarbKB_glycan
8486686,GlyTouCan_glycan
8486697,GlyTouCan_glycan
8489250,UniProtKB
8490240,GlyTouCan_glycan
8490832,GlyTouCan_glycan
8507662,UniProtKB
8509380,GlyTouCan_glycan
8529226,GlyTouCan_glycan
8529230,GlyTouCan_glycan
8536251,GlyTouCan_glycan
8542587,GlyTouCan_glycan
8551046,GlyTouCan_glycan
8563144,GlyTouCan_glycan
8567640,UniProtKB
8573097,GlyTouCan_glycan
8575847,GlyTouCan_glycan
8576151,UniProtKB
8586620,GlyTouCan_glycan
8590544,GlyTouCan_glycan
8608270,GlyTouCan_glycan
8609376,GlyTouCan_glycan
8609406,GlyTouCan_glycan
8615697,UniProtKB
8616877,GlyTouCan_glycan
8617200,UniProtKB
8620877,GlyTouCan_glycan
8621218,GlyTouCan_glycan
8623771,GlyTouCan_glycan
8624728,GlyTouCan_glycan
8625037,GlyTouCan_glycan
8625173,GlyTouCan_glycan
8625220,GlyTouCan_glycan
8627329,UniCarbKB
8631363,UniCarbKB
8631363,UniCarbKB_glycan
8631363,UniProtKB
8632915,GlyTouCan_glycan
8636209,UniProtKB
8639509,GlyTouCan_glycan
8639509,UniProtKB
8639592,UniCarbKB
8639592,UniCarbKB_glycan
8639592,UniProtKB
8647865,GlyTouCan_glycan
8649124,GlyTouCan_glycan
8652593,GlyTouCan_glycan
8652594,GlyTouCan_glycan
8654583,GlyTouCan_glycan
8663259,GlyTouCan_glycan
8665956,UniProtKB
8667623,GlyTouCan_glycan
8670172,UniProtKB
8687384,UniCarbKB
8687384,UniCarbKB_glycan
8691608,GlyTouCan_glycan
8692007,GlyTouCan_glycan
8702538,UniProtKB
8702594,GlyTouCan_glycan
8702840,GlyTouCan_glycan
8707423,GlyTouCan_glycan
8731052,GlyTouCan_glycan
873923,UniProtKB
8752218,GlyTouCan_glycan
8757293,UniProtKB
8770642,GlyTouCan_glycan
8774742,GlyTouCan_glycan
8780713,GlyTouCan_glycan
8793500,GlyTouCan_glycan
8794950,GlyTouCan_glycan
8798457,GlyTouCan_glycan
8798480,GlyTouCan_glycan
8810905,UniCarbKB_glycan
8835180,GlyTouCan_glycan
8842706,GlyTouCan_glycan
8846222,UniProtKB
8883420,GlyTouCan_glycan
8885240,UniProtKB
8891271,GlyTouCan_glycan
8905297,GlyTouCan_glycan
8910321,UniProtKB
8912871,GlyTouCan_glycan
8926633,GlyTouCan_glycan
8939990,UniProtKB
8940148,GlyTouCan_glycan
8942641,UniProtKB
8942648,UniCarbKB
8942648,UniCarbKB_glycan
8942648,UniProtKB
8958810,GlyTouCan_glycan
8962717,UniProtKB
8967954,UniProtKB
8978086,GlyTouCan_glycan
8978667,UniProtKB
8981093,UniCarbKB
8981093,UniCarbKB_glycan
8982115,GlyTouCan_glycan
8985092,GlyTouCan_glycan
8999917,GlyTouCan_glycan
8999954,GlyTouCan_glycan
8999954,UniCarbKB_glycan
8999954,UniProtKB
9008848,GlyTouCan_glycan
9009338,GlyTouCan_glycan
9011378,GlyTouCan_glycan
9013598,UniProtKB
9015359,GlyTouCan_glycan
9023546,UniProtKB
9023982,GlyTouCan_glycan
9030779,UniProtKB
9038146,GlyTouCan_glycan
9048776,GlyTouCan_glycan
9052758,GlyTouCan_glycan
9054441,UniProtKB
9076517,GlyTouCan_glycan
9076522,UniCarbKB
9076522,UniCarbKB_glycan
9079710,GlyTouCan_glycan
9083013,GlyTouCan_glycan
9092834,GlyTouCan_glycan
9111324,GlyTouCan_glycan
9116006,GlyTouCan_glycan
9118998,UniCarbKB
9118998,UniCarbKB_glycan
9118998,UniProtKB
9136890,UniCarbKB
9136890,UniCarbKB_glycan
9153399,UniProtKB
9164959,GlyTouCan_glycan
9166429,GlyTouCan_glycan
9171318,GlyTouCan_glycan
9182286,GlyTouCan_glycan
9185702,GlyTouCan_glycan
9209886,GlyTouCan_glycan
9210489,GlyTouCan_glycan
9212232,GlyTouCan_glycan
9223167,GlyTouCan_glycan
9228738,GlyTouCan_glycan
9233787,UniProtKB
9245713,UniProtKB
9250810,GlyTouCan_glycan
9257857,GlyTouCan_glycan
9261148,GlyTouCan_glycan
9261149,GlyTouCan_glycan
9265423,UniProtKB
9295302,UniProtKB
9298690,GlyTouCan_glycan
9305871,GlyTouCan_glycan
9312075,GlyTouCan_glycan
9317004,GlyTouCan_glycan
9326300,UniProtKB
9334252,UniCarbKB_glycan
9334808,GlyTouCan_glycan
9334809,GlyTouCan_glycan
9336835,UniProtKB
9343410,GlyTouCan_glycan
9343410,UniProtKB
9346320,GlyTouCan_glycan
9359491,GlyTouCan_glycan
9376680,UniCarbKB
9376680,UniCarbKB_glycan
9385079,GlyTouCan_glycan
9395518,UniProtKB
9398638,GlyTouCan_glycan
9399674,GlyTouCan_glycan
9404700,GlyTouCan_glycan
9405696,UniProtKB
9406719,GlyTouCan_glycan
9414130,GlyTouCan_glycan
9425062,UniProtKB
9425112,UniProtKB
9428379,GlyTouCan_glycan
9449027,UniCarbKB
9449027,UniCarbKB_glycan
9450956,UniProtKB
9456330,GlyTouCan_glycan
9456440,GlyTouCan_glycan
9478973,GlyTouCan_glycan
9499386,GlyTouCan_glycan
9501082,UniProtKB
9501084,UniProtKB
9502801,GlyTouCan_glycan
9516847,GlyTouCan_glycan
9530955,UniCarbKB
9530955,UniCarbKB_glycan
9530960,GlyTouCan_glycan
9533409,GlyTouCan_glycan
9535843,UniProtKB
9539702,UniProtKB
9539703,UniProtKB
9545556,GlyTouCan_glycan
9556613,GlyTouCan_glycan
9565568,GlyTouCan_glycan
9572875,UniProtKB
9578468,UniProtKB
9583877,GlyTouCan_glycan
9590134,GlyTouCan_glycan
9593686,GlyTouCan_glycan
9597769,UniProtKB
9600862,GlyTouCan_glycan
9621110,GlyTouCan_glycan
9628725,UniProtKB
9654101,UniCarbKB
9654101,UniCarbKB_glycan
9659379,UniProtKB
9677337,UniCarbKB
9677337,UniCarbKB_glycan
9677337,UniProtKB
9689040,UniProtKB
9689340,GlyTouCan_glycan
9690478,UniProtKB
9697259,GlyTouCan_glycan
9703902,GlyTouCan_glycan
9705299,UniProtKB
9712788,GlyTouCan_glycan
9712885,GlyTouCan_glycan
9722584,UniProtKB
9726975,GlyTouCan_glycan
9748270,UniProtKB
9767440,GlyTouCan_glycan
9768758,UniProtKB
9786864,UniProtKB
9790295,GlyTouCan_glycan
9800516,GlyTouCan_glycan
9815586,GlyTouCan_glycan
9822688,UniProtKB
9832630,UniProtKB
9845419,GlyTouCan_glycan
9852066,UniCarbKB
9852066,UniCarbKB_glycan
9852066,UniProtKB
9857012,UniProtKB
9857245,GlyTouCan_glycan
9873046,GlyTouCan_glycan
9873990,GlyTouCan_glycan
9874495,GlyTouCan_glycan
9875849,UniProtKB
9883900,UniProtKB
9884403,UniCarbKB
9884403,UniCarbKB_glycan
9887355,GlyTouCan_glycan
9917327,GlyTouCan_glycan
9990070,GlyTouCan_glycan
testing,new,values
